"Name","Version","License","URL"
"CacheControl","0.14.4","UNKNOWN","https://pypi.org/project/CacheControl/"
"CairoSVG","2.5.2","GNU Lesser General Public License v3 or later (LGPLv3+)","https://courtbouillon.org/cairosvg"
"Cython","0.29.36","Apache Software License","http://cython.org/"
"Faker","8.13.2","MIT License","https://github.com/joke2k/faker"
"Fiona","1.9.2","BSD License","https://github.com/Toblerity/Fiona"
"Flask","3.1.2","UNKNOWN","https://github.com/pallets/flask/"
"Flask-CacheBuster","1.0.0","MIT License","https://github.com/israel-fl/Flask-CacheBuster"
"Flask-Login","0.6.3","MIT License","https://github.com/maxcountryman/flask-login"
"GridDataFormats","1.0.2","GNU Lesser General Public License v3 (LGPLv3)","https://github.com/MDAnalysis/GridDataFormats"
"ImageIO","2.37.2","UNKNOWN","https://github.com/imageio/imageio"
"Jinja2","3.1.6","BSD License","https://github.com/pallets/jinja/"
"MDAnalysis","2.9.0","GNU Lesser General Public License v3 or later (LGPLv3+)","https://www.mdanalysis.org"
"MarkupSafe","3.0.3","UNKNOWN","https://github.com/pallets/markupsafe/"
"MouseInfo","0.1.3","GNU General Public License v3 or later (GPLv3+)","https://github.com/asweigart/mouseinfo"
"PyAutoGUI","0.9.54","BSD License","https://github.com/asweigart/pyautogui"
"PyGetWindow","0.0.9","BSD License","https://github.com/asweigart/pygetwindow"
"PyJWT","2.10.1","MIT License","https://github.com/jpadilla/pyjwt"
"PyMsgBox","2.0.1","GNU General Public License v3 or later (GPLv3+)","https://github.com/asweigart/pymsgbox"
"PyMuPDF","1.26.6","Dual Licensed - GNU AFFERO GPL 3.0 or Artifex Commercial License","https://github.com/pymupdf/pymupdf"
"PyNaCl","1.6.0","Apache Software License","https://github.com/pyca/pynacl/"
"PyPDF2","3.0.1","BSD License","https://github.com/py-pdf/PyPDF2"
"PyRect","0.2.0","BSD License","https://github.com/asweigart/pyrect"
"PyScreeze","1.0.1","MIT License","https://github.com/asweigart/pyscreeze"
"PyWavelets","1.8.0","MIT License","https://github.com/PyWavelets/pywt"
"PyYAML","6.0.3","MIT License","https://pyyaml.org/"
"Pygments","2.19.2","BSD License","https://pygments.org"
"RapidFuzz","3.13.0","UNKNOWN","https://github.com/rapidfuzz/RapidFuzz"
"Send2Trash","2.0.0","BSD License","https://github.com/arsenetar/send2trash"
"Shapely","1.7.1","BSD License","https://github.com/Toblerity/Shapely"
"SoundFile","0.10.2","BSD License","https://github.com/bastibe/PySoundFile"
"Unidecode","1.4.0","GNU General Public License v2 or later (GPLv2+)","UNKNOWN"
"Werkzeug","3.1.4","UNKNOWN","https://github.com/pallets/werkzeug/"
"XlsxWriter","3.2.1","BSD License","https://github.com/jmcnamara/XlsxWriter"
"absl-py","2.3.1","Apache Software License","https://github.com/abseil/abseil-py"
"aeppl","0.0.31","MIT License","http://github.com/aesara-devs/aeppl"
"aesara","2.7.3","BSD License","https://github.com/aesara-devs/aesara"
"affine","2.4.0","BSD License","https://github.com/rasterio/affine"
"aiohappyeyeballs","2.6.1","Python Software Foundation License","https://github.com/aio-libs/aiohappyeyeballs"
"aiohttp","3.13.2","Apache-2.0 AND MIT","https://github.com/aio-libs/aiohttp"
"aiosignal","1.4.0","Apache Software License","https://github.com/aio-libs/aiosignal"
"analytics-python","1.4.post1","MIT License","https://github.com/segmentio/analytics-python"
"annotated-types","0.7.0","MIT License","https://github.com/annotated-types/annotated-types"
"anyio","4.12.0","UNKNOWN","https://anyio.readthedocs.io/en/stable/versionhistory.html"
"anytree","2.8.0","Apache 2.0","https://github.com/c0fec0de/anytree"
"argon2-cffi","25.1.0","UNKNOWN","https://github.com/hynek/argon2-cffi/blob/main/CHANGELOG.md"
"argon2-cffi-bindings","25.1.0","UNKNOWN","https://github.com/hynek/argon2-cffi-bindings/blob/main/CHANGELOG.md"
"arrow","1.4.0","Apache Software License","https://github.com/arrow-py/arrow"
"artifact_tool","0.1.0","UNKNOWN","UNKNOWN"
"arviz","0.21.0","Apache Software License","http://github.com/arviz-devs/arviz"
"asn1crypto","1.5.1","MIT License","https://github.com/wbond/asn1crypto"
"asttokens","3.0.1","Apache 2.0","https://github.com/gristlabs/asttokens"
"async-lru","2.0.5","MIT License","https://github.com/aio-libs/async-lru"
"attrs","25.4.0","UNKNOWN","https://www.attrs.org/en/stable/changelog.html"
"audioread","3.1.0","MIT License","https://github.com/beetbox/audioread"
"babel","2.17.0","BSD License","https://babel.pocoo.org/"
"backoff","1.10.0","MIT License","https://github.com/litl/backoff"
"bandit","1.7.9","Apache Software License","https://bandit.readthedocs.io/"
"basemap","1.3.9","MIT License","https://matplotlib.org/basemap"
"basemap-data","1.3.2","GNU Lesser General Public License v3 or later (LGPLv3+)","https://matplotlib.org/basemap"
"bcrypt","5.0.0","Apache Software License","https://github.com/pyca/bcrypt/"
"beautifulsoup4","4.14.3","MIT License","https://www.crummy.com/software/BeautifulSoup/bs4/"
"biopython","1.84","Freely Distributable","https://biopython.org/"
"bleach","6.3.0","Apache Software License","https://github.com/mozilla/bleach"
"blinker","1.9.0","MIT License","https://github.com/pallets-eco/blinker/"
"blis","0.7.11","BSD License","https://github.com/explosion/cython-blis"
"blosc2","2.7.1","BSD License","https://github.com/Blosc/python-blosc2"
"bokeh","2.4.0","BSD License","https://github.com/bokeh/bokeh"
"boolean.py","5.0","BSD-2-Clause","https://github.com/bastikr/boolean.py"
"boto3","1.42.22","Apache-2.0","https://github.com/boto/boto3"
"botocore","1.42.22","Apache-2.0","https://github.com/boto/botocore"
"branca","0.8.2","MIT License","https://github.com/python-visualization/branca"
"brotli","1.2.0","MIT","https://github.com/google/brotli"
"bytecode","0.17.0","MIT License","https://github.com/MatthieuDartiailh/bytecode"
"caas_jupyter_tools","0.0.1","UNKNOWN","UNKNOWN"
"cachetools","6.2.4","UNKNOWN","https://github.com/tkem/cachetools/"
"cairocffi","1.7.1","BSD License","https://doc.courtbouillon.org/cairocffi/stable/changelog.html"
"camelot-py","0.10.1","MIT License","http://camelot-py.readthedocs.io/"
"catalogue","2.0.10","MIT License","https://github.com/explosion/catalogue"
"catboost","1.2.8","Apache License, Version 2.0","https://catboost.ai"
"cattrs","25.3.0","MIT License","https://catt.rs"
"certifi","2026.1.4","Mozilla Public License 2.0 (MPL 2.0)","https://github.com/certifi/python-certifi"
"cffi","1.17.1","MIT License","http://cffi.readthedocs.org"
"cftime","1.6.5","UNKNOWN","UNKNOWN"
"chardet","3.0.4","GNU Library or Lesser General Public License (LGPL)","https://github.com/chardet/chardet"
"charset-normalizer","3.4.4","MIT","https://github.com/jawah/charset_normalizer/blob/master/CHANGELOG.md"
"click","8.3.1","UNKNOWN","https://github.com/pallets/click/"
"click-plugins","1.1.1.2","BSD License","https://github.com/click-contrib/click-plugins"
"cligj","0.7.2","BSD","https://github.com/mapbox/cligj"
"cloudpickle","3.1.2","BSD License","https://github.com/cloudpipe/cloudpickle"
"cmudict","1.1.3","GNU General Public License v3 or later (GPLv3+)","https://github.com/prosegrinder/python-cmudict"
"comm","0.2.3","BSD License","https://github.com/ipython/comm"
"confection","0.1.5","MIT License","https://github.com/explosion/confection"
"cons","0.4.7","UNKNOWN","https://github.com/pythological/python-cons"
"contourpy","1.3.2","BSD License","https://github.com/contourpy/contourpy"
"countryinfo","0.1.2","MIT License","https://github.com/porimol/countryinfo"
"coverage","7.5.4","Apache Software License","https://github.com/nedbat/coveragepy"
"coworker_py_proto","0.1.0","UNKNOWN","UNKNOWN"
"cryptography","46.0.0","UNKNOWN","https://github.com/pyca/cryptography"
"cssselect2","0.8.0","BSD License","https://doc.courtbouillon.org/cssselect2/"
"cycler","0.12.1","BSD License","https://matplotlib.org/cycler/"
"cyclonedx-python-lib","7.6.2","Apache Software License","https://github.com/CycloneDX/cyclonedx-python-lib/#readme"
"cymem","2.0.13","MIT License","https://github.com/explosion/cymem"
"databricks-sql-connector","0.9.1","Apache Software License","https://databricks.com"
"datadog","0.49.1","BSD License","https://github.com/DataDog/datadogpy/issues"
"ddsketch","3.0.1","Apache Software License","http://github.com/datadog/sketches-py"
"ddtrace","2.8.7","LICENSE.BSD3","https://github.com/DataDog/dd-trace-py"
"debugpy","1.8.19","MIT License","https://aka.ms/debugpy"
"decorator","4.4.2","BSD License","https://github.com/micheles/decorator"
"defusedxml","0.7.1","Python Software Foundation License","https://github.com/tiran/defusedxml"
"dlib-bin","19.24.6","Boost Software License","https://github.com/alesanfra/dlib-wheels"
"dnspython","2.8.0","ISC License (ISCL)","https://www.dnspython.org"
"docstring_parser","0.17.0","MIT License","https://github.com/rr-/docstring_parser"
"docx2txt","0.8","UNKNOWN","https://github.com/ankushshah89/python-docx2txt"
"einops","0.3.2","UNKNOWN","https://github.com/arogozhnikov/einops"
"email-validator","2.3.0","The Unlicense (Unlicense)","https://github.com/JoshData/python-email-validator"
"envier","0.6.1","MIT License","https://github.com/DataDog/envier"
"et_xmlfile","2.0.0","MIT License","https://foss.heptapod.net/openpyxl/et_xmlfile"
"etuples","0.3.10","UNKNOWN","http://github.com/pythological/etuples"
"exchange-calendars","3.4","Apache Software License","https://github.com/gerrymanoim/exchange_calendars"
"executing","2.2.1","MIT License","https://github.com/alexmojaki/executing"
"fastapi","0.111.0","MIT License","https://github.com/tiangolo/fastapi"
"fastapi-cli","0.0.20","UNKNOWN","https://github.com/fastapi/fastapi-cli"
"fastjsonschema","2.21.2","BSD License","https://github.com/horejsek/python-fastjsonschema"
"fastprogress","1.0.5","Apache Software License","https://github.com/answerdotai/fastprogress"
"ffmpeg-python","0.2.0","Apache Software License","https://github.com/kkroening/ffmpeg-python"
"ffmpy","1.0.0","MIT License","UNKNOWN"
"filelock","3.20.2","The Unlicense (Unlicense)","https://github.com/tox-dev/py-filelock"
"flask-cors","6.0.2","UNKNOWN","https://corydolphin.github.io/flask-cors/"
"folium","0.12.1","MIT License","https://github.com/python-visualization/folium"
"fonttools","4.61.1","MIT","http://github.com/fonttools/fonttools"
"formulas","1.2.8","European Union Public Licence 1.1 (EUPL 1.1)","https://github.com/vinci1it2000/formulas"
"fpdf2","2.8.3","GNU Lesser General Public License v3 (LGPLv3)","https://py-pdf.github.io/fpdf2/"
"fqdn","1.5.1","Mozilla Public License 2.0 (MPL 2.0)","https://github.com/ypcrts/fqdn"
"frozenlist","1.8.0","Apache-2.0","https://github.com/aio-libs/frozenlist"
"fsspec","2025.12.0","UNKNOWN","https://github.com/fsspec/filesystem_spec"
"future","1.0.0","MIT License","https://python-future.org"
"fuzzywuzzy","0.18.0","GNU General Public License v2 (GPLv2)","https://github.com/seatgeek/fuzzywuzzy"
"gTTS","2.2.3","MIT License","https://github.com/pndurette/gTTS"
"gemmi","0.7.3","Mozilla Public License 2.0 (MPL 2.0)","https://github.com/project-gemmi/gemmi"
"gensim","4.3.1","LGPL-2.1-only","http://radimrehurek.com/gensim"
"geographiclib","1.52","MIT License","https://geographiclib.sourceforge.io/1.52/python"
"geopandas","0.10.2","BSD","http://geopandas.org"
"geopy","2.2.0","MIT License","https://github.com/geopy/geopy"
"gradio","2.2.15","Apache License 2.0","https://github.com/gradio-app/gradio-UI"
"graphviz","0.17","MIT License","https://github.com/xflr6/graphviz"
"greenlet","3.3.0","MIT AND Python-2.0","https://greenlet.readthedocs.io/"
"h11","0.16.0","MIT License","https://github.com/python-hyper/h11"
"h2","4.3.0","MIT License","https://github.com/python-hyper/h2/"
"h5netcdf","1.7.3","BSD License","https://h5netcdf.org"
"h5py","3.15.1","UNKNOWN","https://www.h5py.org/"
"hpack","4.1.0","MIT License","https://github.com/python-hyper/hpack/"
"html5lib","1.1","MIT License","https://github.com/html5lib/html5lib-python"
"httpcore","1.0.9","BSD License","https://www.encode.io/httpcore/"
"httptools","0.7.1","UNKNOWN","https://github.com/MagicStack/httptools"
"httpx","0.28.1","BSD License","https://github.com/encode/httpx"
"hypercorn","0.14.3","MIT License","https://github.com/pgjones/hypercorn/"
"hyperframe","6.1.0","MIT License","https://github.com/python-hyper/hyperframe/"
"idna","3.11","UNKNOWN","https://github.com/kjd/idna"
"imageio-ffmpeg","0.6.0","BSD License","https://github.com/imageio/imageio-ffmpeg"
"imbalanced-learn","0.12.4","MIT","https://github.com/scikit-learn-contrib/imbalanced-learn"
"imblearn","0.0","UNKNOWN","https://pypi.python.org/pypi/imbalanced-learn/"
"imgkit","1.2.2","MIT License","https://github.com/jarrekk/imgkit"
"importlib_metadata","8.7.1","UNKNOWN","https://github.com/python/importlib_metadata"
"importlib_resources","6.5.2","Apache Software License","https://github.com/python/importlib_resources"
"iniconfig","2.3.0","UNKNOWN","https://github.com/pytest-dev/iniconfig"
"invoke","2.2.1","BSD License","https://pyinvoke.org"
"ipykernel","7.1.0","UNKNOWN","https://ipython.org"
"ipython","9.9.0","UNKNOWN","https://ipython.org"
"ipython-genutils","0.2.0","BSD License","http://ipython.org"
"ipython_pygments_lexers","1.1.1","BSD License","https://github.com/ipython/ipython-pygments-lexers"
"isodate","0.7.2","BSD License","https://github.com/gweis/isodate/"
"isoduration","20.11.0","ISC License (ISCL)","https://github.com/bolsote/isoduration"
"itsdangerous","2.2.0","BSD License","https://github.com/pallets/itsdangerous/"
"jax","0.2.28","Apache-2.0","https://github.com/google/jax"
"jedi","0.19.2","MIT License","https://github.com/davidhalter/jedi"
"jmespath","1.0.1","MIT License","https://github.com/jmespath/jmespath.py"
"joblib","1.5.3","UNKNOWN","https://joblib.readthedocs.io"
"json5","0.13.0","Apache Software License","https://github.com/dpranke/pyjson5"
"jsonpickle","4.1.1","BSD-3-Clause","https://jsonpickle.readthedocs.io/"
"jsonpointer","3.0.0","BSD License","https://github.com/stefankoegl/python-json-pointer"
"jsonschema","4.25.1","UNKNOWN","https://github.com/python-jsonschema/jsonschema"
"jsonschema-specifications","2025.9.1","UNKNOWN","https://github.com/python-jsonschema/jsonschema-specifications"
"jupyter-events","0.12.0","BSD License","http://jupyter.org"
"jupyter-lsp","2.3.0","BSD License","https://github.com/jupyter-lsp/jupyterlab-lsp/issues"
"jupyter_client","8.6.1","BSD License","https://jupyter.org"
"jupyter_core","5.5.1","BSD License","https://jupyter.org"
"jupyter_server","2.14.0","BSD License","https://jupyter-server.readthedocs.io"
"jupyter_server_terminals","0.5.3","BSD License","https://jupyter.org"
"jupyterlab","4.1.8","BSD License","https://jupyter.org"
"jupyterlab_pygments","0.3.0","BSD License","https://github.com/jupyterlab/jupyterlab_pygments"
"jupyterlab_server","2.27.1","BSD License","https://jupyterlab-server.readthedocs.io"
"keras","2.6.0","Apache Software License","https://keras.io/"
"kerykeion","2.1.16","GNU General Public License (GPL)","https://github.com/g-battaglia/kerykeion"
"kiwisolver","1.4.9","BSD License","https://github.com/nucleic/kiwi"
"korean-lunar-calendar","0.3.1","MIT License","https://github.com/usingsky/korean_lunar_calendar_py"
"langcodes","3.5.1","MIT License","https://github.com/georgkrause/langcodes"
"lark","1.3.1","MIT License","https://github.com/lark-parser/lark"
"lazy_loader","0.4","BSD License","https://github.com/scientific-python/lazy_loader"
"librosa","0.8.1","ISC License (ISCL)","https://librosa.org"
"license-expression","30.4.4","Apache-2.0","https://github.com/aboutcode-org/license-expression"
"lightgbm","4.6.0","MIT License","https://github.com/microsoft/LightGBM"
"llvmlite","0.46.0","UNKNOWN","http://llvmlite.readthedocs.io"
"logical-unification","0.4.7","UNKNOWN","https://github.com/pythological/unification"
"loguru","0.5.3","MIT License","https://github.com/Delgan/loguru"
"lxml","6.0.2","BSD-3-Clause","https://lxml.de/"
"markdown-it-py","4.0.0","MIT License","https://github.com/executablebooks/markdown-it-py"
"markdown2","2.5.4","MIT License","https://github.com/trentm/python-markdown2"
"markdownify","0.9.3","MIT License","http://github.com/matthewwithanm/python-markdownify"
"matplotlib","3.7.5","Python Software Foundation License","https://matplotlib.org"
"matplotlib-inline","0.2.1","UNKNOWN","https://github.com/ipython/matplotlib-inline"
"matplotlib-venn","0.11.6","MIT License","https://github.com/konstantint/matplotlib-venn"
"mda-xdrlib","0.2.0","Python Software Foundation License","https://github.com/MDAnalysis/mda-xdrlib"
"mdtraj","1.10.2","GNU Lesser General Public License v2 or later (LGPLv2+)","http://mdtraj.org"
"mdurl","0.1.2","MIT License","https://github.com/executablebooks/mdurl"
"miniKanren","1.0.5","UNKNOWN","http://github.com/pythological/kanren"
"mistune","3.2.0","BSD License","https://github.com/lepture/mistune"
"mizani","0.14.3","BSD License","https://mizani.readthedocs.io/en/stable"
"mmtf-python","1.1.3","MIT License","https://github.com/rcsb/mmtf-python.git"
"mne","0.23.4","BSD (3-clause)","https://mne.tools/dev/"
"mock","5.2.0","BSD License","http://mock.readthedocs.org/en/latest/"
"monotonic","1.6","Apache Software License","https://github.com/atdt/monotonic"
"moviepy","1.0.3","MIT License","https://zulko.github.io/moviepy/"
"mpmath","1.3.0","BSD License","http://mpmath.org/"
"mrcfile","1.5.4","BSD License","https://github.com/ccpem/mrcfile"
"msgpack","1.1.2","UNKNOWN","https://msgpack.org/"
"mtcnn","0.1.1","MIT","http://github.com/ipazc/mtcnn"
"multidict","6.7.0","Apache License 2.0","https://github.com/aio-libs/multidict"
"multipledispatch","1.0.0","BSD","http://github.com/mrocklin/multipledispatch/"
"munch","4.0.0","MIT License","https://github.com/Infinidat/munch"
"murmurhash","1.0.15","MIT License","https://github.com/explosion/murmurhash"
"mutagen","1.45.1","GNU General Public License v2 or later (GPLv2+)","https://github.com/quodlibet/mutagen"
"mypy","1.14.1","MIT License","https://www.mypy-lang.org/"
"mypy_extensions","1.1.0","UNKNOWN","https://github.com/python/mypy_extensions"
"nashpy","0.0.35","MIT License","https://vknight.org"
"nbclassic","1.0.0","BSD License","https://github.com/jupyter/nbclassic"
"nbclient","0.10.4","BSD License","https://jupyter.org"
"nbconvert","7.16.6","BSD License","https://jupyter.org"
"nbformat","5.10.4","BSD License","https://jupyter.org"
"ndindex","1.10.1","MIT","https://quansight-labs.github.io/ndindex/"
"nest-asyncio","1.6.0","BSD License","https://github.com/erdewit/nest_asyncio"
"netCDF4","1.7.4","UNKNOWN","https://github.com/Unidata/netcdf4-python"
"networkx","2.8.8","BSD License","https://networkx.org/"
"nltk","3.9.1","Apache Software License","https://www.nltk.org/"
"notebook","7.1.3","BSD License","https://github.com/jupyter/notebook"
"notebook_shim","0.2.4","BSD License","UNKNOWN"
"numba","0.63.1","BSD License","https://numba.pydata.org"
"numexpr","2.14.1","UNKNOWN","https://github.com/pydata/numexpr"
"numpy","1.24.0","BSD License","https://www.numpy.org"
"numpy-financial","1.0.0","BSD License","https://numpy.org/numpy-financial/"
"nvidia-nccl-cu12","2.28.9","UNKNOWN","https://developer.nvidia.com/cuda-zone"
"odfpy","1.4.1","Apache Software License; GNU General Public License (GPL); GNU Library or Lesser General Public License (LGPL)","https://github.com/eea/odfpy"
"opencv-python","4.11.0.86","Apache Software License","https://github.com/opencv/opencv-python"
"openpyxl","3.1.5","MIT License","https://openpyxl.readthedocs.io"
"opentelemetry-api","1.39.1","UNKNOWN","https://github.com/open-telemetry/opentelemetry-python/tree/main/opentelemetry-api"
"opt_einsum","3.4.0","MIT License","UNKNOWN"
"orjson","3.11.5","Apache Software License; MIT License","https://github.com/ijl/orjson"
"overrides","7.7.0","Apache License, Version 2.0","https://github.com/mkorpela/overrides"
"packageurl-python","0.17.6","MIT License","https://github.com/package-url/packageurl-python"
"packaging","25.0","Apache Software License; BSD License","https://github.com/pypa/packaging"
"pandas","2.2.3","BSD License","https://pandas.pydata.org"
"pandocfilters","1.5.1","BSD License","http://github.com/jgm/pandocfilters"
"paramiko","4.0.0","UNKNOWN","https://github.com/paramiko/paramiko"
"parso","0.8.5","MIT License","https://github.com/davidhalter/parso"
"pathlib_abc","0.1.1","Python Software Foundation License","https://github.com/barneygale/pathlib_abc"
"pathy","0.11.0","Apache Software License","https://github.com/justindujardin/pathy"
"patsy","1.0.2","BSD License","https://github.com/pydata/patsy"
"pdf2image","1.17.0","MIT License","https://github.com/Belval/pdf2image"
"pdfkit","1.0.0","MIT","UNKNOWN"
"pdfminer.six","20251107","UNKNOWN","https://github.com/pdfminer/pdfminer.six"
"pdfplumber","0.11.8","MIT License","https://github.com/jsvine/pdfplumber"
"pdfrw","0.4","MIT License","https://github.com/pmaupin/pdfrw"
"pexpect","4.9.0","ISC License (ISCL)","https://pexpect.readthedocs.io/"
"pillow","11.3.0","UNKNOWN","https://python-pillow.github.io"
"pip-api","0.0.34","Apache Software License","http://github.com/di/pip-api"
"pip-requirements-parser","32.0.1","MIT","https://github.com/nexB/pip-requirements-parser"
"pip_audit","2.7.3","Apache Software License","https://pypi.org/project/pip-audit/"
"platformdirs","4.5.1","MIT License","https://github.com/tox-dev/platformdirs"
"playwright","1.56.0","UNKNOWN","https://github.com/Microsoft/playwright-python"
"plotly","5.3.0","MIT","https://plotly.com/python/"
"plotnine","0.10.1","MIT License","https://plotnine.readthedocs.io/en/stable"
"pluggy","1.6.0","MIT License","UNKNOWN"
"pmdarima","2.0.4","MIT","http://alkaline-ml.com/pmdarima"
"pooch","1.8.2","BSD License","https://www.fatiando.org/pooch/latest/changes.html"
"preshed","3.0.12","MIT License","https://github.com/explosion/preshed"
"priority","2.0.0","MIT License","https://github.com/python-hyper/priority/"
"proglog","0.1.12","UNKNOWN","https://github.com/Edinburgh-Genome-Foundry/proglog"
"prometheus_client","0.23.1","UNKNOWN","https://github.com/prometheus/client_python"
"prompt_toolkit","3.0.52","BSD License","https://github.com/prompt-toolkit/python-prompt-toolkit"
"pronouncing","0.2.0","BSD License; MIT License","https://github.com/aparrish/pronouncingpy"
"propcache","0.4.1","Apache Software License","https://github.com/aio-libs/propcache"
"protobuf","6.33.2","3-Clause BSD License","https://developers.google.com/protocol-buffers/"
"psutil","7.2.1","BSD-3-Clause","https://github.com/giampaolo/psutil"
"ptyprocess","0.7.0","ISC License (ISCL)","https://github.com/pexpect/ptyprocess"
"pure_eval","0.2.3","MIT License","http://github.com/alexmojaki/pure_eval"
"py-cpuinfo","9.0.0","MIT License","https://github.com/workhorsy/py-cpuinfo"
"py-serializable","1.1.2","Apache Software License","https://github.com/madpah/serializable#readme"
"pyOpenSSL","25.3.0","Apache Software License","https://pyopenssl.org/"
"pycountry","20.7.3","GNU Lesser General Public License v2 (LGPLv2)","UNKNOWN"
"pycparser","2.23","BSD License","https://github.com/eliben/pycparser"
"pycryptodome","3.23.0","BSD License; Public Domain","https://www.pycryptodome.org"
"pydantic","2.9.2","MIT License","https://github.com/pydantic/pydantic"
"pydantic-extra-types","2.11.0","MIT License","https://github.com/pydantic/pydantic-extra-types"
"pydantic-settings","2.12.0","MIT License","https://github.com/pydantic/pydantic-settings"
"pydantic_core","2.23.4","MIT License","https://github.com/pydantic/pydantic-core"
"pydot","1.4.2","MIT License","https://github.com/pydot/pydot"
"pydub","0.25.1","MIT License","http://pydub.com"
"pydyf","0.12.1","BSD License","https://www.courtbouillon.org/pydyf"
"pyee","13.0.0","MIT License","https://github.com/jfhbrook/pyee"
"pygraphviz","1.7","BSD License","http://pygraphviz.github.io"
"pylog","1.1","MIT License","https://github.com/RussAbbott/pylog"
"pyluach","2.3.0","MIT License","https://github.com/simlist/pyluach"
"pymc","4.0.1","Apache Software License","http://github.com/pymc-devs/pymc"
"pypandoc","1.15","MIT License","https://github.com/JessicaTegner/pypandoc"
"pyparsing","3.3.1","UNKNOWN","https://github.com/pyparsing/pyparsing/"
"pypdf","6.3.0","UNKNOWN","https://github.com/py-pdf/pypdf"
"pypdfium2","5.3.0","BSD-3-Clause, Apache-2.0, dependency licenses","https://github.com/pypdfium2-team/pypdfium2"
"pyperclip","1.11.0","BSD License","https://github.com/asweigart/pyperclip"
"pyphen","0.17.2","GNU General Public License v2 or later (GPLv2+); GNU Lesser General Public License v2 or later (LGPLv2+); Mozilla Public License 1.1 (MPL 1.1)","https://www.courtbouillon.org/pyphen"
"pyproj","3.6.1","MIT License","https://github.com/pyproj4/pyproj"
"pyprover","0.5.6","Apache Software License","https://github.com/evhub/pyprover"
"pyshp","2.3.1","MIT","https://github.com/GeospatialPython/pyshp"
"pyswisseph","2.10.3.2","GNU Affero General Public License v3","https://astrorigin.com/pyswisseph"
"pytesseract","0.3.8","Apache Software License","https://github.com/madmaze/pytesseract"
"pytest","8.2.2","MIT License","https://docs.pytest.org/en/latest/"
"pytest-asyncio","0.23.8","Apache Software License","https://github.com/pytest-dev/pytest-asyncio"
"pytest-cov","5.0.0","MIT License","https://github.com/pytest-dev/pytest-cov"
"pytest-json-report","1.5.0","MIT","https://github.com/numirias/pytest-json-report"
"pytest-metadata","3.1.1","Mozilla Public License 2.0 (MPL 2.0)","https://github.com/pytest-dev/pytest-metadata"
"pyth3","0.7","MIT License","http://github.com/prechelt/pyth"
"python-dateutil","2.9.0.post0","Apache Software License; BSD License","https://github.com/dateutil/dateutil"
"python-docx","1.2.0","MIT License","https://github.com/python-openxml/python-docx"
"python-dotenv","1.2.1","UNKNOWN","https://github.com/theskumar/python-dotenv"
"python-json-logger","2.0.7","BSD License","http://github.com/madzak/python-json-logger"
"python-multipart","0.0.21","Apache Software License","https://github.com/Kludex/python-multipart"
"python-pptx","1.0.2","MIT License","https://github.com/scanny/python-pptx"
"python3-xlib","0.15","GPLv2","https://github.com/LiuLang/python3-xlib"
"pyttsx3","2.90","GNU General Public License v3 (GPLv3)","https://github.com/nateshmbhat/pyttsx3"
"pytweening","1.2.0","MIT License","https://github.com/asweigart/pytweening"
"pytz","2025.2","MIT License","http://pythonhosted.org/pytz"
"pyxlsb","1.0.8","GNU Lesser General Public License v3 or later (LGPLv3+)","https://github.com/willtrnr/pyxlsb"
"pyzbar","0.1.8","MIT License","https://github.com/NaturalHistoryMuseum/pyzbar/"
"pyzmq","27.1.0","BSD License","https://pyzmq.readthedocs.org"
"qrcode","7.3","BSD License","https://github.com/lincolnloop/python-qrcode"
"rarfile","4.0","ISC License (ISCL)","https://github.com/markokr/rarfile"
"rasterio","1.3.3","BSD License","https://github.com/rasterio/rasterio"
"rdflib","6.0.0","BSD License","https://github.com/RDFLib/rdflib"
"rdkit","2024.9.6","BSD-3-Clause","https://github.com/kuelumbus/rdkit-pypi"
"referencing","0.37.0","UNKNOWN","https://github.com/python-jsonschema/referencing"
"regex","2025.11.3","UNKNOWN","https://github.com/mrabarnett/mrab-regex"
"reportlab","4.4.5","BSD License","https://www.reportlab.com/"
"requests","2.31.0","Apache Software License","https://requests.readthedocs.io"
"resampy","0.4.3","ISC License (ISCL)","https://github.com/bmcfee/resampy"
"rfc3339-validator","0.1.4","MIT License","https://github.com/naimetti/rfc3339-validator"
"rfc3986-validator","0.1.1","MIT License","https://github.com/naimetti/rfc3986-validator"
"rfc3987-syntax","1.1.0","Apache Software License","https://github.com/willynilly/rfc3987-syntax"
"rich","14.2.0","MIT License","https://github.com/Textualize/rich"
"rich-toolkit","0.17.1","MIT License","UNKNOWN"
"rpds-py","0.30.0","UNKNOWN","https://github.com/crate-py/rpds"
"ruff","0.9.6","MIT License","https://docs.astral.sh/ruff"
"s3transfer","0.16.0","Apache Software License","https://github.com/boto/s3transfer"
"schedula","1.5.72","European Union Public Licence 1.1 (EUPL 1.1)","https://github.com/vinci1it2000/schedula"
"scikit-image","0.20.0","BSD License","https://scikit-image.org"
"scikit-learn","1.4.2","BSD License","https://scikit-learn.org"
"scipy","1.14.1","BSD License","https://scipy.org/"
"seaborn","0.11.2","BSD License","https://seaborn.pydata.org"
"shap","0.39.0","MIT","http://github.com/slundberg/shap"
"shellingham","1.5.4","ISC License (ISCL)","https://github.com/sarugaku/shellingham"
"six","1.17.0","MIT License","https://github.com/benjaminp/six"
"slicer","0.0.7","MIT License","https://github.com/interpretml/slicer"
"smart-open","6.4.0","MIT License","https://github.com/piskvorky/smart_open"
"smmap","5.0.2","BSD License","https://github.com/gitpython-developers/smmap"
"snowflake-connector-python","3.18.0","Apache Software License","https://www.snowflake.com/"
"snuggs","1.4.7","MIT","https://github.com/mapbox/snuggs"
"sortedcontainers","2.4.0","Apache Software License","http://www.grantjenks.com/docs/sortedcontainers/"
"soupsieve","2.8.1","MIT License","https://github.com/facelessuser/soupsieve"
"spacy","3.4.4","MIT License","https://spacy.io"
"spacy-legacy","3.0.12","MIT License","https://spacy.io"
"spacy-loggers","1.0.5","MIT","https://github.com/explosion/spacy-loggers"
"sqlparse","0.5.5","BSD License","https://github.com/andialbrecht/sqlparse"
"srsly","2.5.2","MIT License","https://github.com/explosion/srsly"
"stack-data","0.6.3","MIT License","http://github.com/alexmojaki/stack_data"
"starlette","0.37.2","BSD License","https://github.com/encode/starlette"
"statsmodels","0.14.3","BSD License","https://www.statsmodels.org/"
"stevedore","5.6.0","Apache Software License","https://docs.openstack.org/stevedore"
"svglib","1.1.0","GNU Lesser General Public License v3 (LGPLv3)","https://github.com/deeplook/svglib"
"svgwrite","1.4.1","MIT License","http://github.com/mozman/svgwrite.git"
"sympy","1.13.1","BSD License","https://sympy.org"
"tables","3.10.2","BSD License","http://www.pytables.org"
"tabula","1.0.5","Apache Software License","https://github.com/ronniedada/tabula"
"tabulate","0.9.0","MIT License","https://github.com/astanin/python-tabulate"
"tenacity","9.1.2","Apache Software License","https://github.com/jd/tenacity"
"terminado","0.18.1","BSD License","https://github.com/jupyter/terminado"
"text-unidecode","1.3","Artistic License; GNU General Public License (GPL); GNU General Public License v2 or later (GPLv2+)","https://github.com/kmike/text-unidecode/"
"textblob","0.15.3","MIT License","https://github.com/sloria/TextBlob"
"thinc","8.1.12","MIT License","https://github.com/explosion/thinc"
"threadpoolctl","3.6.0","BSD License","https://github.com/joblib/threadpoolctl"
"thrift","0.22.0","Apache License 2.0","http://thrift.apache.org"
"tifffile","2025.12.20","BSD-3-Clause","https://www.cgohlke.com"
"tinycss2","1.4.0","BSD License","https://www.courtbouillon.org/tinycss2"
"toml","0.10.2","MIT License","https://github.com/uiri/toml"
"tomlkit","0.13.3","MIT License","https://github.com/sdispater/tomlkit"
"toolz","1.1.0","UNKNOWN","https://github.com/pytoolz/toolz"
"torch","2.5.1+cpu","BSD License","https://pytorch.org/"
"torchaudio","2.5.1","BSD License","https://github.com/pytorch/audio"
"torchtext","0.18.0","BSD","https://github.com/pytorch/text"
"torchvision","0.20.1","BSD","https://github.com/pytorch/vision"
"tornado","6.5.4","Apache Software License","http://www.tornadoweb.org/"
"tqdm","4.64.0","MIT License; Mozilla Public License 2.0 (MPL 2.0)","https://tqdm.github.io"
"traitlets","5.14.3","BSD License","https://github.com/ipython/traitlets"
"trimesh","3.9.29","MIT License","https://github.com/mikedh/trimesh"
"typer","0.21.0","UNKNOWN","https://github.com/fastapi/typer"
"typing-inspection","0.4.2","UNKNOWN","https://github.com/pydantic/typing-inspection"
"typing_extensions","4.15.0","UNKNOWN","https://github.com/python/typing_extensions"
"tzdata","2025.3","Apache-2.0","https://github.com/python/tzdata"
"ujson","5.11.0","UNKNOWN","https://github.com/ultrajson/ultrajson"
"uri-template","1.3.0","MIT License","https://gitlab.linss.com/open-source/python/uri-template"
"urllib3","2.6.2","UNKNOWN","https://github.com/urllib3/urllib3/blob/main/CHANGES.rst"
"uv","0.9.21","Apache Software License; MIT License","https://pypi.org/project/uv/"
"uvicorn","0.40.0","UNKNOWN","https://uvicorn.dev/"
"uvloop","0.22.1","Apache Software License; MIT License","UNKNOWN"
"wasabi","0.10.1","MIT","https://ines.io"
"watchdog","6.0.0","Apache Software License","https://github.com/gorakhargosh/watchdog"
"watchfiles","1.1.1","MIT License","https://github.com/samuelcolvin/watchfiles"
"weasyprint","53.3","BSD License","https://www.courtbouillon.org/weasyprint"
"webcolors","25.10.0","BSD License","UNKNOWN"
"webencodings","0.5.1","BSD License","https://github.com/SimonSapin/python-webencodings"
"websocket-client","1.9.0","Apache Software License","https://github.com/websocket-client/websocket-client.git"
"websockets","16.0","UNKNOWN","https://github.com/python-websockets/websockets"
"wordcloud","1.9.2","MIT","https://github.com/amueller/word_cloud"
"wsproto","1.3.2","UNKNOWN","https://github.com/python-hyper/wsproto/"
"xarray","2025.6.1","UNKNOWN","https://xarray.dev/"
"xarray-einstats","0.8.0","Apache Software License","https://github.com/arviz-devs/xarray-einstats"
"xgboost","3.0.2","Apache Software License","https://github.com/dmlc/xgboost"
"xlcalculator","0.5.0","MIT License","https://github.com/bradbase/xlcalculator"
"xml-python","0.4.3","MPL","https://xml_python.readthedocs.io/"
"xmltodict","1.0.2","MIT License","https://github.com/martinblech/xmltodict"
"yarl","1.22.0","Apache Software License","https://github.com/aio-libs/yarl"
"yearfrac","0.4.8","MIT","http://github.com/kmedian/yearfrac"
"zipp","3.23.0","UNKNOWN","https://github.com/jaraco/zipp"
"zopfli","0.4.0","Apache Software License","https://github.com/fonttools/py-zopfli"
